<?xml version="1.0" encoding="UTF-8"?>
<project-private xmlns="http://www.netbeans.org/ns/project-private/1">
    <editor-bookmarks xmlns="http://www.netbeans.org/ns/editor-bookmarks/2" lastBookmarkId="0"/>
    <open-files xmlns="http://www.netbeans.org/ns/projectui-open-files/2">
        <group>
            <file>file:/C:/Users/Marcela/Documents/NetBeansProjects/Pacientes_PVC/src/pacientes_pvc/Relatorio.java</file>
            <file>file:/C:/Users/Marcela/Documents/NetBeansProjects/Pacientes_PVC/src/pacientes_pvc/Pacientes_PVC.java</file>
            <file>file:/C:/Users/Marcela/Documents/NetBeansProjects/Pacientes_PVC/src/pacientes_pvc/FXMLDocumentController.java</file>
            <file>file:/C:/Users/Marcela/Documents/NetBeansProjects/Pacientes_PVC/src/pacientes_pvc/TreatDatas_PVC.java</file>
            <file>file:/C:/Users/Marcela/Documents/NetBeansProjects/Pacientes_PVC/src/pacientes_pvc/RelatorioController.java</file>
        </group>
    </open-files>
</project-private>
