<?xml version="1.0" encoding="UTF-8"?>
<project-private xmlns="http://www.netbeans.org/ns/project-private/1">
    <editor-bookmarks xmlns="http://www.netbeans.org/ns/editor-bookmarks/2" lastBookmarkId="0"/>
    <open-files xmlns="http://www.netbeans.org/ns/projectui-open-files/2">
        <group>
            <file>file:/C:/Users/Marcela/Documents/projeto%20java/Projeto%20final%20da%20disciplina%20de%20Laboratório%20de%20Programação%20de%20Computadores%20II/src/database_banco_PAT/idc.txt</file>
            <file>file:/C:/Users/Marcela/Documents/projeto%20java/Projeto%20final%20da%20disciplina%20de%20Laboratório%20de%20Programação%20de%20Computadores%20II/src/controle_banco_PAT/Centralbanco.java</file>
            <file>file:/C:/Users/Marcela/Documents/projeto%20java/Projeto%20final%20da%20disciplina%20de%20Laboratório%20de%20Programação%20de%20Computadores%20II/src/database_banco_PAT/ddl.txt</file>
            <file>file:/C:/Users/Marcela/Documents/projeto%20java/Projeto%20final%20da%20disciplina%20de%20Laboratório%20de%20Programação%20de%20Computadores%20II/src/TratarDatas_banco_PAT/TrataArquivo.java</file>
            <file>file:/C:/Users/Marcela/Documents/projeto%20java/Projeto%20final%20da%20disciplina%20de%20Laboratório%20de%20Programação%20de%20Computadores%20II/src/logica_banco_PAT/LogicaBanco.java</file>
        </group>
    </open-files>
</project-private>
